{
	"id": "887b17d0-9b06-46fa-944b-facb83472cbd",
	"name": "Canary Web Read API",
	"values": [
		{
			"key": "APIURL",
			"value": "https://localhost:55236/api",
			"enabled": true
		},
		{
			"key": "ApiToken",
			"value": "8ed655e9-194e-4e39-8d09-ed1aeec8c04d",
			"enabled": true
		},
		{
			"key": "LiveDataToken",
			"value": "53e70a73-8689-4321-a4e3-62ed82bc43b9",
			"enabled": true
		},
		{
			"key": "SessionToken",
			"value": "abe3eeb1-110c-403e-96bf-f5df7d324093",
			"enabled": true
		},
		{
			"key": "ApiVersion",
			"value": "v2",
			"enabled": true
		},
		{
			"key": "ViewName",
			"value": "localhost",
			"enabled": true
		},
		{
			"key": "AdhocTag",
			"value": "{Diagnostics}.Sys.Memory Physical",
			"enabled": true
		},
		{
			"key": "GetAssetTypesView",
			"value": "Factories",
			"enabled": true
		},
		{
			"key": "AssetType",
			"value": "Machine Type A",
			"enabled": true
		},
		{
			"key": "AssetInstancePath",
			"value": "Factories",
			"enabled": true
		},
		{
			"key": "AccessToken",
			"value": "7911d514-5127-426d-9d28-ac83f4e70191",
			"enabled": true
		}
	],
	"_postman_variable_scope": "environment",
	"_postman_exported_at": "2024-06-14T17:53:29.728Z",
	"_postman_exported_using": "Postman/11.2.1"
}